"Nmel1132","Nmel140","Nmel1462","Nmel1486","Nmel1566","Nmel262","Nmel299","Nmel32","Nmel344","Nmel351","Nmel363","Nmel403","Nmel405","Nmel411","Nmel422","Nmel505","Nmel549","Nmel625","Nmel729","Nmel746","Nmel810","Nmel815","Nmel821","Nmel89","Nmel914","Nmel990","Nmel994","site_codes"
"1|1","1|20","6|5","1|1","3|8","2|2","9|9","1|1","4|4","4|4","3|3","1|2","2|5","8|8","1|2","3|3","1|1","3|3","NA|NA","1|1","1|1","1|1","3|3","1|1","1|1","1|1","1|6","LMK"
"1|1","1|1","5|1","1|1","8|8","1|2","10|3","2|2","NA|NA","3|3","2|1","1|1","2|5","1|2","1|2","1|1","3|3","4|2","2|2","1|1","1|2","1|1","3|1","1|2","1|2","1|1","7|7","LMK"
"8|1","2|2","1|1","8|8","3|6","2|2","3|10","3|1","NA|NA","4|4","4|1","12|12","5|5","2|2","2|2","1|1","1|1","2|2","3|2","1|1","4|5","1|14","3|1","2|2","1|2","1|16","11|4","LMK"
"10|4","1|5","1|1","NA|NA","1|1","1|2","11|11","1|1","4|4","3|3","3|3","3|2","5|5","12|12","1|2","2|4","3|5","1|1","1|2","NA|NA","1|1","1|1","3|2","1|1","1|1","1|1","1|4","LMK"
"10|12","2|2","1|1","1|1","8|8","1|2","3|3","1|1","NA|NA","3|3","3|5","4|2","2|5","4|2","1|1","1|1","3|3","1|1","1|2","1|1","1|1","10|7","3|3","5|1","1|1","10|7","7|7","LMK"
"10|1","1|1","6|6","1|1","8|8","1|2","8|8","2|2","2|2","3|3","4|1","3|3","1|1","1|1","1|1","1|1","5|5","1|1","2|2","1|1","1|2","1|1","3|1","7|7","1|1","1|1","2|1","LMK"
"4|4","2|7","1|1","1|1","2|22","2|9","2|3","1|1","NA|NA","3|9","3|3","2|2","5|5","4|2","3|2","1|1","1|1","4|2","2|2","1|1","7|2","1|1","2|2","1|8","1|1","1|1","1|1","LMK"
"2|1","2|10","1|1","1|1","2|1","2|2","2|3","2|2","3|3","3|3","4|3","1|2","1|8","4|2","3|4","1|1","6|8","1|7","2|2","1|1","2|2","10|1","2|2","1|1","2|2","1|10","7|7","LMK"
"7|7","1|5","5|1","8|8","2|1","2|2","3|3","1|1","2|2","3|8","1|1","2|3","1|24","1|1","4|4","1|1","3|8","1|3","1|1","1|1","1|1","1|7","1|1","7|7","2|2","1|7","1|1","LMK"
"8|1","1|1","1|1","1|1","1|1","1|2","3|2","NA|NA","2|2","1|2","2|2","2|12","3|5","4|3","1|2","1|1","1|3","NA|NA","1|1","1|1","1|7","1|1","3|2","1|2","1|1","1|1","4|4","LMK"
"7|7","1|1","1|2","5|5","3|14","4|2","5|3","1|1","NA|NA","4|4","5|5","2|23","1|5","1|2","4|2","1|1","3|3","1|10","2|2","1|1","1|8","1|1","3|3","1|6","4|4","1|1","1|1","LMK"
"1|1","1|10","17|1","1|5","4|14","4|1","4|3","3|3","NA|NA","3|3","1|1","4|8","2|5","4|1","1|3","1|1","1|4","4|2","NA|NA","1|1","1|2","1|1","3|1","1|1","2|2","1|1","7|7","LMK"
"1|1","1|1","1|1","1|1","7|8","1|1","3|3","1|1","2|2","3|10","3|3","2|3","4|4","1|2","3|2","1|1","8|5","1|1","3|2","1|1","1|1","1|1","3|1","5|1","1|2","1|1","1|4","LMK"
"1|1","1|2","1|1","NA|NA","8|8","1|2","1|6","2|1","NA|NA","3|3","3|3","2|2","11|11","1|1","1|2","1|1","3|5","1|1","1|2","1|1","1|2","1|1","3|3","1|1","1|1","1|1","7|7","LMK"
"25|1","7|7","5|5","1|1","4|1","2|2","3|2","2|1","1|1","NA|NA","3|3","1|2","1|1","1|1","4|2","1|1","8|5","1|3","2|2","1|1","4|1","1|1","1|1","1|1","2|2","1|1","3|3","LMK"
"1|1","1|20","6|1","NA|NA","1|8","2|2","3|9","1|1","1|1","3|3","4|1","1|12","11|11","3|2","1|2","1|1","1|1","2|2","2|2","1|1","1|4","1|1","3|3","1|6","1|1","1|1","3|3","LMK"
"1|1","2|7","1|1","3|1","3|13","1|1","3|3","NA|NA","1|1","11|13","5|3","1|2","3|3","6|6","1|4","1|1","1|1","2|2","2|2","1|1","2|2","1|1","3|1","1|2","3|3","1|1","2|1","LMK"
"4|4","10|10","1|1","8|8","3|3","1|1","3|3","2|1","3|3","4|4","2|2","2|3","2|5","1|1","2|2","1|1","1|1","4|2","1|1","1|1","2|2","1|1","3|1","1|8","1|2","1|1","5|3","LMK"
"9|1","1|2","6|1","1|1","1|1","2|2","11|11","1|1","4|4","3|2","2|2","4|3","1|5","7|1","3|2","1|1","NA|NA","2|2","1|1","1|1","1|1","1|1","3|1","3|2","2|2","1|1","1|1","LMK"
"4|4","2|7","1|4","5|5","3|3","2|2","3|9","2|2","1|1","4|4","4|2","2|2","5|5","6|6","4|2","2|2","2|5","2|2","3|2","1|1","4|1","1|1","1|1","1|1","2|2","1|1","1|1","LMK"
"7|7","1|2","1|1","1|1","2|1","2|2","3|3","2|2","NA|NA","9|2","2|1","1|3","2|5","1|2","2|2","2|2","3|14","2|2","NA|NA","1|1","1|1","8|1","3|2","1|1","1|2","9|1","1|1","LMK"
"1|1","1|7","1|1","1|1","2|1","2|2","3|6","1|1","NA|NA","3|8","3|3","3|3","5|5","2|2","1|2","1|1","1|3","NA|NA","1|1","1|1","1|4","1|1","3|1","1|9","5|2","1|1","4|4","LMK"
"2|7","1|1","1|1","1|5","14|1","2|2","11|4","1|1","2|2","3|3","2|1","1|6","1|5","1|1","2|2","1|1","1|1","4|2","2|2","1|1","1|7","1|9","3|1","1|1","3|3","1|8","5|5","LMK"
"8|1","2|10","1|1","1|1","2|8","1|1","3|3","1|1","NA|NA","3|8","2|1","2|8","1|1","1|1","1|2","1|1","3|3","2|10","NA|NA","1|1","1|1","1|14","3|2","1|8","1|1","1|16","7|7","LMK"
"1|1","1|2","1|1","6|6","4|8","2|4","1|3","1|1","4|4","3|8","3|5","4|9","1|8","NA|NA","3|2","4|4","3|3","7|1","3|3","1|1","1|1","1|1","3|3","1|1","1|1","1|1","2|13","LMK"
"4|4","1|1","1|1","6|5","2|3","2|2","5|6","NA|NA","2|2","7|7","2|1","2|2","1|5","6|6","1|2","1|1","2|5","4|1","2|2","1|1","1|2","2|1","1|1","2|2","2|2","1|2","3|3","LMK"
"10|1","1|2","1|1","5|5","3|15","2|2","3|9","1|1","2|2","4|4","2|2","4|49","1|5","1|1","3|1","1|1","3|3","2|2","1|2","2|2","1|1","1|1","3|2","2|2","1|1","1|1","1|1","LMK"
"8|1","1|1","1|1","1|5","1|15","2|2","1|9","NA|NA","NA|NA","1|5","1|1","1|1","1|9","1|1","3|4","2|2","5|5","1|1","2|2","1|1","1|2","13|13","2|2","1|1","1|1","19|19","1|1","LMK"
"5|1","1|1","1|1","5|29","3|3","2|2","9|9","1|1","1|1","4|4","1|1","1|1","5|18","5|5","4|2","1|1","5|5","31|9","NA|NA","1|1","1|2","1|1","4|4","1|2","4|2","1|1","1|1","LMM"
"2|2","1|2","8|3","1|1","9|1","2|2","2|2","1|1","NA|NA","3|3","4|1","2|10","3|3","7|2","4|1","1|1","1|4","2|2","NA|NA","1|1","1|9","1|1","3|3","7|7","4|4","1|1","5|5","LMM"
"2|7","1|1","20|1","1|1","4|4","4|2","8|8","1|1","NA|NA","NA|NA","3|3","2|2","5|18","5|5","4|2","1|1","1|1","1|1","1|2","1|1","1|1","NA|NA","4|4","1|2","4|2","11|11","5|3","LMM"
"12|5","1|6","6|8","4|4","7|7","2|12","2|2","1|1","NA|NA","10|10","5|5","1|13","1|1","7|7","1|1","1|1","3|3","1|1","NA|NA","1|1","1|1","1|1","1|1","1|1","2|2","1|1","1|4","LMM"
"2|2","1|2","1|1","2|1","1|1","2|2","2|2","1|1","NA|NA","1|1","1|1","1|1","6|5","NA|NA","3|2","1|1","3|3","6|1","NA|NA","1|1","1|2","1|1","3|3","1|1","4|4","1|1","1|10","LMM"
"1|1","1|1","1|1","NA|NA","3|15","2|2","8|8","1|1","1|1","5|5","2|4","1|2","2|2","2|2","3|4","2|2","3|3","1|1","1|2","1|1","2|2","1|1","2|2","7|7","2|2","1|1","4|4","LMM"
"1|1","1|1","6|8","1|5","4|3","2|2","10|10","1|1","NA|NA","4|4","1|1","1|3","1|1","2|2","1|1","1|1","2|2","2|2","2|2","1|1","1|2","5|5","4|4","1|6","4|2","5|5","3|3","LMM"
"5|1","1|1","8|8","5|5","7|12","2|2","9|9","1|1","1|1","10|5","1|1","1|2","1|1","1|2","1|1","1|1","1|8","2|2","NA|NA","2|2","2|2","1|1","3|6","1|1","4|2","1|1","7|7","LMM"
"2|1","1|18","1|11","1|5","7|1","2|9","1|2","1|1","NA|NA","10|10","14|5","1|1","3|5","1|2","1|2","2|2","3|3","2|2","NA|NA","1|1","2|2","1|5","4|4","2|2","2|2","1|5","5|5","LMM"
"1|1","6|6","11|11","1|1","3|3","1|1","7|9","1|1","3|3","4|4","17|10","2|2","1|5","7|2","1|2","1|1","3|8","1|25","3|3","1|1","1|2","1|1","4|6","1|8","4|2","1|1","4|4","LMM"
"2|2","3|6","6|7","5|5","4|3","2|12","10|10","1|1","NA|NA","4|4","4|9","1|1","1|5","1|20","1|2","1|1","4|4","1|3","1|2","1|1","1|1","1|1","4|6","8|8","4|2","1|1","5|5","LMM"
"2|2","1|2","5|8","NA|NA","1|12","2|2","9|9","3|3","NA|NA","5|10","2|2","2|2","5|5","5|5","4|2","1|1","8|8","NA|NA","NA|NA","1|1","NA|NA","1|1","2|2","2|20","2|2","1|1","3|3","LMM"
"4|4","1|6","8|8","1|5","4|4","2|4","9|9","1|1","NA|NA","4|4","2|2","1|2","1|1","3|3","2|2","2|2","1|1","1|1","1|1","1|1","1|2","1|1","1|1","1|8","2|2","1|1","5|5","LMM"
"2|7","5|6","1|1","1|1","3|6","3|2","1|6","1|1","NA|NA","4|4","2|1","1|10","5|5","2|2","3|3","1|1","8|5","4|2","1|2","1|1","1|1","1|1","3|3","1|2","4|4","1|1","4|4","LMM"
"10|7","2|2","9|11","5|5","4|3","2|42","8|8","2|1","NA|NA","4|4","2|1","2|2","1|1","NA|NA","1|2","1|1","8|5","1|1","1|2","1|1","1|1","5|5","4|4","5|1","4|2","5|5","5|5","LMM"
"2|2","2|2","1|1","1|1","14|3","2|2","6|4","1|1","NA|NA","3|3","1|9","5|3","13|5","NA|NA","4|4","1|1","1|3","1|1","1|1","1|1","2|2","1|1","NA|NA","7|8","4|4","1|1","3|3","LMM"
"1|1","1|5","8|8","1|1","4|3","2|2","2|2","1|1","NA|NA","4|4","4|4","2|10","5|5","1|1","1|2","1|1","3|3","1|6","NA|NA","1|1","1|2","1|1","1|1","8|8","2|2","1|1","1|4","LMM"
"4|4","1|3","1|4","1|1","4|1","4|2","1|1","1|1","3|3","3|3","2|2","1|1","1|1","3|3","1|2","1|1","3|3","2|2","1|2","2|2","1|2","1|5","2|2","3|2","1|2","1|5","4|4","LMM"
"1|1","1|1","11|8","1|5","4|1","2|2","1|9","1|1","3|3","5|5","4|1","1|1","2|5","6|6","1|2","1|1","5|5","1|1","2|2","1|1","1|2","1|1","3|1","1|2","2|2","1|1","7|7","LMM"
"5|1","2|2","9|8","1|5","2|1","2|2","9|3","2|1","NA|NA","7|2","2|2","2|2","5|5","1|11","4|4","1|1","3|5","2|10","NA|NA","1|1","1|2","5|5","1|1","1|1","2|2","5|5","1|1","LMM"
"2|1","1|1","6|8","1|1","3|8","4|2","2|2","3|1","1|1","4|4","2|9","1|1","5|5","2|1","1|2","1|1","1|1","3|9","2|2","1|1","1|2","NA|NA","1|1","1|1","2|2","11|11","5|5","LMM"
"5|5","1|1","11|8","1|5","2|3","2|2","2|2","NA|NA","NA|NA","4|8","4|1","1|2","1|6","NA|NA","4|2","2|2","1|3","2|2","2|2","1|1","1|2","1|1","4|4","2|2","4|2","1|1","7|7","LMM"
"4|4","4|5","12|8","NA|NA","3|3","1|1","2|2","1|1","1|1","4|4","1|1","1|2","4|4","1|2","3|1","1|1","3|5","NA|NA","2|2","1|1","1|4","1|1","2|2","1|9","1|2","1|1","7|7","LMM"
"5|1","1|1","6|11","1|11","1|1","2|9","1|1","1|1","1|1","1|2","5|5","1|8","1|5","5|2","1|1","1|1","3|3","2|2","NA|NA","1|1","1|2","1|5","1|1","2|2","3|3","1|5","14|10","LMM"
"5|1","1|6","6|8","1|1","7|4","1|1","10|10","3|1","2|2","10|10","2|2","1|1","3|8","2|2","2|2","1|1","5|5","1|1","1|2","1|1","1|1","1|1","1|1","9|2","2|2","1|1","3|3","LMM"
"2|1","1|2","8|4","1|5","3|6","2|2","1|1","1|1","NA|NA","4|4","2|4","1|2","2|2","2|2","4|2","2|2","3|3","1|1","2|2","1|1","1|1","1|5","1|1","1|6","2|2","1|5","5|5","LMM"
"2|1","1|1","14|1","4|5","12|15","2|2","9|9","2|1","NA|NA","5|5","14|14","3|10","1|1","3|3","1|1","1|1","3|3","2|4","2|2","1|1","2|2","1|5","2|2","1|2","2|2","1|5","5|4","LMM"
"5|12","1|1","6|4","1|1","2|1","2|9","1|2","1|1","4|4","7|7","2|2","1|2","5|5","1|1","1|4","1|1","5|5","4|2","2|2","1|1","2|2","1|5","3|1","7|2","1|2","1|5","7|7","LMM"
"5|1","1|1","1|1","1|1","1|6","1|1","15|2","NA|NA","2|2","1|5","10|10","1|8","1|5","NA|NA","2|2","2|2","1|1","3|27","NA|NA","1|1","1|2","1|1","1|1","1|1","3|3","1|1","4|4","LHS"
"14|4","4|5","1|1","1|1","9|3","2|2","3|9","2|2","9|9","1|1","2|2","1|1","10|10","7|1","3|6","1|1","1|1","1|3","2|2","1|1","3|2","11|6","2|2","5|1","5|2","12|6","4|4","LHS"
"1|1","1|3","14|1","6|6","2|2","4|4","6|6","2|2","NA|NA","7|2","10|4","1|3","5|5","1|13","3|1","2|2","12|5","8|2","5|5","1|1","7|12","4|10","3|3","1|1","4|4","4|10","7|7","LHS"
"4|4","8|1","22|1","1|10","2|3","2|2","2|2","2|2","1|1","1|1","3|3","1|2","8|8","2|8","3|2","1|1","7|1","2|2","2|2","1|1","1|1","15|15","3|3","1|6","4|4","14|14","1|15","LHS"
"4|21","1|18","1|1","6|6","2|3","2|12","3|6","2|1","4|4","1|1","1|1","19|19","9|14","1|1","3|1","1|1","8|4","2|10","2|2","1|1","1|2","1|1","4|4","1|1","4|4","1|1","3|15","LHS"
"5|1","3|3","1|1","1|1","2|10","2|12","2|3","2|2","NA|NA","8|5","3|3","1|1","3|9","2|1","12|2","2|2","5|5","1|25","2|2","1|1","3|2","1|1","3|1","1|2","5|2","1|1","1|13","LHS"
"7|7","1|5","9|2","1|1","7|6","3|3","1|2","2|2","NA|NA","10|5","4|1","1|2","1|1","6|8","1|1","1|1","4|8","1|3","NA|NA","1|1","13|13","6|6","4|4","1|6","4|2","6|6","1|1","LHS"
"4|4","1|1","1|1","1|1","2|9","2|2","3|3","3|1","1|1","1|1","3|3","3|3","8|8","NA|NA","1|2","1|1","1|1","4|3","2|2","1|1","1|1","3|3","3|1","1|2","5|2","3|3","1|6","LHS"
"6|1","1|9","14|1","1|1","4|15","2|4","7|7","2|2","NA|NA","5|5","4|3","1|1","4|11","1|1","3|1","2|2","1|1","2|2","NA|NA","1|1","1|1","1|1","2|2","4|13","1|2","1|1","1|4","LHS"
"2|7","1|1","9|1","1|1","3|6","2|2","3|4","3|1","1|8","1|6","2|1","3|27","2|8","2|2","12|2","1|1","12|8","3|3","NA|NA","1|1","2|7","11|7","3|1","5|9","NA|NA","12|7","2|10","LHS"
"2|1","7|7","1|1","1|1","3|9","2|2","2|3","1|1","1|1","1|2","4|1","11|3","5|5","NA|NA","1|2","2|2","1|1","10|9","8|8","1|1","2|2","1|1","3|5","1|2","5|5","1|1","1|13","LHS"
"4|4","1|1","1|1","1|1","2|30","1|2","3|2","3|1","NA|NA","5|8","2|2","1|13","9|9","14|14","3|2","1|1","5|4","2|10","1|1","1|1","6|10","1|1","4|5","5|4","4|4","1|1","7|6","LHS"
"2|1","9|3","20|1","5|5","11|19","1|2","NA|NA","3|3","NA|NA","7|7","2|2","1|27","5|5","31|31","3|3","1|1","3|8","3|3","2|2","1|1","2|10","1|1","2|2","2|2","6|6","1|1","7|15","LHS"
"1|1","1|3","22|1","1|1","2|2","1|1","7|9","1|1","NA|NA","7|7","4|3","2|3","3|12","2|14","3|2","3|3","3|3","8|1","NA|NA","1|1","2|2","1|1","1|1","12|8","2|2","1|1","5|3","LHS"
"5|5","9|9","1|1","2|1","3|3","2|2","2|3","3|1","1|1","1|1","2|1","1|2","3|18","9|9","1|1","1|1","5|5","3|3","1|1","1|1","3|2","1|1","3|3","8|8","1|1","1|1","2|1","LHS"
"1|1","1|1","1|3","1|1","1|9","1|1","2|2","NA|NA","9|9","4|2","2|1","2|2","1|8","1|1","6|2","2|2","8|5","2|2","2|2","1|1","1|2","1|1","3|5","5|1","3|3","1|1","1|15","LHS"
"1|1","1|9","1|2","1|1","9|9","1|2","2|2","7|7","6|6","1|1","2|2","1|8","7|7","14|14","3|1","2|2","1|3","3|3","2|2","1|1","1|2","1|1","1|1","1|2","2|2","1|1","1|4","LHS"
"7|7","5|11","7|1","1|1","4|19","2|4","2|2","2|4","NA|NA","10|10","4|3","3|8","17|11","3|2","2|2","1|1","1|1","1|39","NA|NA","1|1","3|3","6|6","1|1","1|2","2|2","6|6","1|1","LHS"
"13|25","7|7","2|1","12|1","2|3","1|2","7|7","2|2","NA|NA","1|1","2|2","3|5","1|10","2|2","3|2","2|2","1|4","7|10","2|2","1|1","1|1","1|9","4|4","1|1","4|2","1|8","1|1","LHS"
"3|3","1|7","1|1","1|1","2|2","1|1","NA|NA","2|1","NA|NA","3|2","4|5","1|23","3|3","1|1","1|1","3|3","4|4","1|1","2|2","2|2","1|3","8|1","4|4","1|8","4|2","9|1","11|13","LHS"
"1|1","8|7","1|1","6|6","4|1","1|2","2|2","3|3","NA|NA","2|2","4|10","2|21","7|7","6|6","3|3","2|2","1|4","1|1","1|1","1|1","6|6","4|4","3|1","1|2","5|2","4|4","3|3","LHS"
"6|1","1|1","1|3","3|3","3|19","2|2","2|2","2|2","1|1","1|1","4|3","4|3","3|5","6|6","6|2","1|1","1|1","4|3","5|5","1|1","1|1","1|1","1|1","1|1","2|2","1|1","2|1","LHS"
"1|1","5|5","2|1","1|1","7|1","4|4","3|4","NA|NA","NA|NA","10|10","5|3","3|5","7|12","7|1","3|2","2|2","4|8","2|2","2|2","1|1","1|1","4|15","2|9","1|1","7|2","4|14","16|10","LHS"
"1|1","1|5","1|1","3|1","2|1","1|4","2|2","1|1","2|9","2|2","2|2","2|3","1|1","1|1","6|1","2|2","4|5","1|3","2|2","1|1","1|2","1|1","1|1","5|1","3|3","1|1","1|1","LHS"
"10|1","1|1","6|1","1|10","3|3","2|2","8|8","3|1","NA|NA","4|2","2|4","1|1","1|1","1|3","3|1","1|1","4|5","1|10","2|2","1|1","1|1","4|10","3|1","1|1","5|2","4|10","7|7","LHS"
"6|1","1|3","6|1","1|25","2|2","2|2","2|2","1|1","1|1","1|1","4|1","1|3","4|8","6|6","15|2","2|2","1|1","1|1","1|1","1|1","2|2","9|9","2|2","1|9","1|2","8|8","3|3","LHS"
"10|4","1|1","1|1","2|2","19|19","2|4","5|9","4|4","7|7","1|1","3|3","1|2","8|8","2|2","2|2","2|2","1|4","2|2","2|2","2|2","3|1","11|11","2|2","2|2","1|1","13|12","2|2","LHS"
"15|2","1|1","1|1","10|10","11|6","2|2","2|2","2|1","NA|NA","1|1","3|3","3|8","5|5","6|6","3|2","1|1","1|1","10|9","2|2","1|1","1|2","1|6","3|5","1|1","5|2","1|6","5|3","LHS"
"4|4","1|1","5|1","4|4","5|9","1|1","5|6","5|5","NA|NA","1|1","3|6","1|10","21|22","4|6","1|1","1|1","1|1","4|2","3|2","NA|NA","9|6","1|1","1|1","1|10","3|3","1|1","1|4","LSC"
"5|1","1|21","7|7","4|4","2|2","2|1","15|15","2|1","NA|NA","7|9","10|10","10|21","9|9","4|4","18|2","3|3","3|3","6|3","2|2","1|1","1|2","9|6","2|2","5|1","2|2","8|6","1|1","LSC"
"1|1","1|5","9|1","1|1","9|1","2|1","7|7","2|2","10|10","1|2","2|2","2|2","2|2","6|6","2|2","1|1","1|2","1|1","2|2","1|1","8|1","NA|NA","5|5","1|1","1|2","NA|NA","5|5","LSC"
"2|14","14|14","7|4","2|8","6|8","2|17","1|1","3|1","4|4","3|3","2|1","2|10","4|4","2|2","2|2","1|1","4|5","19|19","2|2","1|1","1|1","1|1","2|2","4|4","2|2","1|1","1|1","LSC"
"4|4","2|2","5|1","2|3","5|1","2|2","8|8","2|2","8|8","1|1","3|6","1|2","14|14","6|6","2|2","1|1","3|8","32|32","1|1","1|1","2|2","6|6","3|3","1|2","1|2","6|6","1|1","LSC"
"3|3","5|6","7|2","2|1","4|1","1|2","14|3","1|1","1|1","2|2","3|3","2|2","17|9","4|4","1|2","2|2","1|1","1|3","2|2","1|1","8|6","1|1","2|2","3|3","1|2","1|1","4|4","LSC"
"6|1","1|1","1|5","13|35","5|3","1|1","1|2","4|4","1|4","4|4","8|3","1|2","1|8","2|8","3|1","2|2","9|9","4|33","NA|NA","1|1","8|8","1|1","3|3","7|7","5|5","1|1","1|1","LSC"
"1|1","10|10","2|2","2|6","1|35","2|9","1|5","5|5","NA|NA","7|7","3|3","1|10","6|6","2|2","3|2","1|1","1|1","4|4","2|2","1|1","2|2","1|1","3|2","1|9","1|1","1|1","1|4","LSC"
"6|2","1|5","1|1","1|1","1|1","2|2","2|2","5|4","NA|NA","1|9","8|3","2|10","11|11","7|6","1|2","1|1","6|3","13|13","NA|NA","1|1","1|2","1|6","2|2","1|9","1|2","1|6","3|3","LSC"
"10|1","3|6","2|1","1|1","5|3","4|2","5|5","2|1","14|14","4|4","3|3","2|10","2|2","6|6","1|1","1|1","1|1","2|2","2|2","1|1","1|1","1|1","3|2","7|7","3|3","1|1","2|14","LSC"
"2|7","1|5","12|4","4|4","13|13","2|2","1|2","2|2","NA|NA","1|1","11|1","2|10","7|8","2|2","1|2","1|1","1|3","1|10","2|2","1|1","8|6","NA|NA","2|2","1|6","1|2","NA|NA","8|10","LSC"
"4|4","1|7","12|1","1|1","4|5","1|1","1|1","5|1","4|4","6|6","8|1","3|1","4|4","1|18","1|2","1|1","3|3","1|32","1|1","1|1","2|2","11|14","1|1","2|2","1|2","12|16","3|10","LSC"
"2|1","1|1","7|4","2|1","28|9","2|2","8|8","1|1","NA|NA","1|10","2|4","3|3","9|12","6|6","6|8","1|1","2|2","4|2","1|3","1|1","1|2","1|7","1|8","5|5","6|6","1|7","1|1","LSC"
"10|5","1|1","2|1","17|10","1|1","NA|NA","7|7","1|1","NA|NA","1|2","11|1","2|13","20|12","7|7","1|1","2|2","8|4","7|1","2|2","1|1","2|2","1|1","1|1","1|10","1|2","1|1","1|1","LSC"
"8|7","1|1","1|5","1|1","1|15","2|1","2|2","2|2","4|4","2|2","14|3","2|2","2|11","2|10","2|2","1|1","3|5","17|2","3|2","1|1","1|2","5|5","1|1","1|9","2|2","5|5","10|10","ERIW"
"2|2","4|3","5|1","1|1","31|1","NA|NA","2|2","4|4","2|2","1|14","3|3","1|47","7|7","5|2","1|2","2|2","6|2","6|4","2|2","1|1","1|1","1|9","2|2","1|9","1|8","1|8","2|13","ERIW"
"4|4","1|7","9|1","1|1","3|3","NA|NA","14|5","2|2","11|11","11|15","2|1","3|11","5|5","15|6","3|2","2|2","2|2","3|31","NA|NA","1|1","1|9","6|6","1|1","1|2","2|2","6|6","3|3","ERIW"
"4|4","4|21","1|1","1|1","2|15","1|2","7|4","2|2","NA|NA","7|5","8|2","1|2","8|8","1|3","3|1","1|1","2|5","2|10","1|2","1|1","1|2","4|4","2|2","5|1","2|2","4|4","1|1","ERIW"
"6|12","1|1","1|1","8|8","2|9","2|1","3|2","2|1","6|10","7|7","5|3","2|21","13|13","1|1","1|2","1|1","6|9","4|3","NA|NA","1|1","7|1","1|6","2|2","1|9","1|2","1|6","2|1","ERIW"
"9|1","11|11","11|1","1|1","2|1","4|19","1|1","2|2","2|10","1|9","4|3","2|10","7|7","3|1","1|2","1|1","9|8","2|2","2|2","1|1","1|2","4|4","2|2","8|8","2|2","4|4","1|4","ERIW"
"3|3","3|3","4|1","1|1","2|9","2|1","2|2","2|2","NA|NA","1|1","8|2","1|2","1|1","5|5","1|1","1|1","2|2","8|3","1|1","1|1","6|6","1|6","2|2","7|2","2|2","1|6","2|1","ERIW"
"8|3","1|5","1|1","2|1","12|9","2|4","1|1","2|2","NA|NA","1|1","5|5","1|3","3|3","6|6","3|1","1|1","2|2","4|3","1|1","1|1","1|1","NA|NA","1|1","5|2","2|2","11|11","1|1","ERIW"
"13|1","1|1","1|4","1|1","2|1","3|2","1|2","1|1","1|1","1|5","2|2","2|2","6|6","1|1","2|2","1|1","1|4","2|25","1|3","1|1","2|2","10|1","2|2","1|2","1|2","1|10","1|1","ERIW"
"3|3","9|20","1|2","10|7","2|2","2|2","5|2","2|1","1|1","7|9","4|1","1|9","2|17","3|3","1|2","1|1","6|8","4|2","2|2","1|1","2|2","NA|NA","2|2","1|2","1|1","NA|NA","1|1","ERIE"
"1|38","1|2","2|1","1|1","13|36","1|2","1|5","2|1","2|2","1|5","4|3","2|6","2|2","5|5","2|2","1|1","1|11","2|10","1|2","2|2","1|1","1|7","3|1","1|2","1|2","1|7","14|6","ERIE"
"1|1","1|1","1|1","3|4","13|3","1|1","5|2","NA|NA","2|2","11|2","1|1","2|6","2|15","1|1","2|2","1|1","2|2","7|11","1|1","1|1","1|1","1|7","2|2","1|1","2|2","1|7","2|4","ERIE"
"4|4","2|2","12|1","10|10","1|1","1|2","13|6","NA|NA","1|1","2|2","3|3","1|2","2|2","2|2","1|1","2|2","1|4","1|1","1|2","NA|NA","1|1","1|1","3|3","1|2","7|1","1|1","5|5","ERIE"
"5|16","1|2","1|4","2|10","6|8","2|4","3|9","3|1","NA|NA","3|3","4|3","4|2","2|2","1|2","1|2","3|3","6|11","5|3","1|2","1|1","2|2","1|1","1|8","1|2","1|2","1|1","5|5","ERIE"
"2|1","2|2","7|7","2|2","13|8","1|2","5|4","1|1","NA|NA","11|3","2|2","4|6","4|4","5|1","3|1","3|3","3|3","9|22","1|2","1|1","1|1","4|2","1|1","1|2","2|2","4|2","5|4","ERIE"
"2|3","2|2","1|1","2|2","1|1","2|2","2|2","1|1","NA|NA","2|2","5|3","2|3","7|7","3|5","1|2","3|3","1|12","3|3","2|2","1|1","4|2","3|3","1|1","3|3","6|6","3|3","1|10","ERIE"
"3|3","2|7","1|1","3|1","1|8","1|2","2|2","3|1","3|6","3|2","1|1","5|6","2|2","6|6","3|2","1|1","2|2","2|2","NA|NA","1|1","3|2","NA|NA","2|2","1|2","2|2","NA|NA","2|2","ERIE"
"5|1","1|2","14|1","2|2","12|9","1|2","7|7","2|1","NA|NA","1|1","1|1","2|8","2|2","1|1","2|2","1|1","6|6","9|13","1|2","1|1","2|2","2|2","1|1","1|1","1|2","2|2","2|2","ERIE"
"2|2","1|18","8|3","1|1","2|1","2|2","2|16","1|1","NA|NA","3|2","4|1","4|6","4|4","3|5","2|2","2|2","1|1","2|2","NA|NA","1|1","2|2","2|5","1|9","7|7","7|2","2|5","2|3","ERIE"
"3|3","2|20","3|3","2|1","14|8","1|2","7|12","2|2","NA|NA","3|3","1|1","2|8","14|14","1|1","1|2","1|1","2|2","4|4","3|3","2|2","2|2","1|1","3|2","1|6","1|1","1|1","2|6","ERIE"
"2|3","3|3","1|1","3|1","7|3","2|2","1|12","3|1","1|1","1|6","4|5","1|1","4|4","4|5","1|2","4|4","2|5","3|3","1|2","1|1","2|10","7|7","2|2","1|6","1|1","7|7","5|5","ERIE"
"5|14","9|7","1|4","1|11","1|1","1|2","13|3","2|2","NA|NA","1|2","2|2","2|2","4|4","3|1","1|2","1|1","NA|NA","2|9","3|2","1|1","10|10","7|7","2|2","1|2","1|1","7|7","2|6","ERIE"
"6|2","4|3","3|3","6|6","11|8","2|2","10|10","1|1","1|1","1|1","1|1","3|3","3|12","6|6","1|2","1|1","1|1","3|3","2|2","2|2","2|2","1|1","3|1","3|3","1|2","1|1","3|3","ROC"
"2|3","3|2","1|2","16|9","1|6","1|1","4|4","1|1","1|1","6|2","3|3","2|8","3|3","1|2","1|2","1|1","5|11","3|5","NA|NA","1|1","1|1","4|4","1|10","3|3","10|10","4|4","2|6","ROC"
"6|9","2|6","1|1","1|1","10|1","1|1","1|1","1|1","NA|NA","1|2","1|9","3|2","1|5","2|2","1|2","1|1","1|3","1|6","1|1","2|2","1|1","7|7","1|1","8|8","2|2","7|7","1|4","ROC"
"5|1","2|2","1|1","1|1","10|10","2|2","2|2","2|1","1|1","1|1","3|3","2|2","3|12","4|1","1|2","3|3","7|7","1|1","NA|NA","1|1","1|1","2|2","1|1","1|2","2|2","2|2","1|1","ROC"
"6|3","8|6","1|5","11|11","5|1","1|1","1|1","1|1","NA|NA","6|6","2|1","1|2","3|18","2|10","1|1","2|4","1|1","3|3","1|2","1|1","2|2","7|7","3|5","1|2","1|1","7|7","2|3","ROC"
"7|7","4|4","1|1","2|2","11|8","1|1","1|4","2|1","1|1","1|1","4|1","1|6","3|3","4|4","1|2","1|1","1|3","20|20","1|3","1|1","1|2","1|7","2|2","1|2","1|2","1|7","2|13","ROC"
"2|1","6|6","1|1","1|5","2|10","2|4","1|2","3|1","1|1","1|8","1|1","4|2","5|5","1|1","2|2","1|1","2|2","1|1","2|2","1|1","1|2","1|1","3|1","1|2","1|2","1|1","2|3","ROC"
"12|7","1|6","1|1","2|1","4|8","4|23","2|2","1|1","1|1","3|3","4|7","1|8","4|15","5|2","1|2","1|1","7|2","2|5","2|2","1|1","1|1","1|6","2|2","1|2","1|2","1|6","3|3","ROC"
"2|2","2|2","1|1","2|1","1|8","1|2","2|2","NA|NA","NA|NA","3|2","1|1","1|2","3|3","6|6","3|2","2|2","11|11","2|2","1|2","1|1","1|2","1|6","3|1","1|2","1|2","1|6","13|13","ROC"
"3|3","3|10","1|1","2|2","1|11","1|2","11|4","2|2","NA|NA","4|2","2|1","2|8","2|2","1|2","2|2","1|1","1|1","6|3","NA|NA","2|2","1|2","1|6","3|1","1|6","1|2","1|6","1|4","ROC"
"1|1","2|2","7|1","2|6","2|2","2|2","1|5","3|3","6|6","8|8","2|1","4|3","4|4","1|11","2|2","2|5","3|5","1|1","1|1","2|2","1|1","1|1","1|1","1|1","2|2","1|1","2|4","ROC"
"1|1","6|6","6|4","3|3","10|10","1|2","1|2","2|2","6|6","1|1","1|1","6|6","1|1","2|2","4|2","1|1","3|3","1|1","1|3","1|1","1|1","1|6","1|1","2|2","1|2","1|6","2|3","ROC"
"6|41","1|3","1|1","3|9","5|9","2|1","6|4","1|1","1|1","4|4","1|1","1|3","2|2","NA|NA","2|2","2|4","1|3","2|2","3|3","1|1","2|2","2|7","1|1","3|8","2|2","2|7","3|3","ROC"
"2|1","2|3","1|1","1|1","5|1","1|2","NA|NA","2|1","NA|NA","1|1","1|1","1|2","2|5","1|1","4|2","1|1","1|1","8|2","1|2","1|1","1|1","1|1","1|1","1|2","1|2","1|1","2|4","ROC"
"10|1","1|1","1|1","6|6","2|14","2|2","1|2","2|2","1|1","3|8","3|3","2|2","3|8","2|1","2|2","1|1","7|7","1|10","2|2","1|1","1|1","1|2","1|1","1|8","2|2","1|2","2|1","ROC"
"1|1","6|6","1|1","NA|NA","11|1","1|1","2|2","1|1","1|1","2|2","4|1","2|2","4|14","5|5","1|1","1|1","1|1","7|10","2|2","1|1","2|2","7|7","2|2","1|1","6|6","7|7","2|8","ROC"
"4|4","2|2","1|3","1|1","11|6","2|2","1|1","1|1","2|2","1|6","1|6","3|9","1|5","1|11","1|1","3|3","1|1","5|3","1|2","1|1","1|1","6|6","2|2","4|4","2|2","7|7","3|6","ROC"
"13|2","2|2","7|1","1|27","10|8","1|2","2|3","2|2","1|1","1|1","3|3","3|8","3|3","5|1","1|2","2|2","3|3","1|1","2|2","1|1","1|2","1|6","1|1","2|2","1|2","1|6","3|3","ROC"
"1|1","1|1","5|1","2|6","1|8","1|2","1|14","1|1","3|3","3|2","1|1","2|3","5|18","5|12","2|2","2|2","7|5","3|3","3|2","1|1","3|3","1|1","3|2","1|1","1|1","1|1","2|3","ROC"
"2|7","1|8","6|1","9|9","4|4","2|1","13|2","7|7","1|1","NA|NA","4|1","3|6","1|4","1|1","1|2","2|2","1|3","NA|NA","2|2","1|1","2|2","1|1","1|1","1|1","2|2","1|1","3|3","ROC"
"6|3","1|8","1|1","2|2","5|5","2|9","5|11","1|1","NA|NA","1|8","3|3","4|6","1|4","5|5","1|2","1|1","7|2","3|3","1|2","1|1","3|3","2|2","2|2","1|6","2|2","2|2","3|3","ROC"
"2|2","5|5","7|4","2|2","2|1","2|2","5|2","2|2","1|6","2|2","1|1","1|2","1|4","2|2","1|1","2|2","6|2","1|10","2|2","1|1","1|1","2|1","1|1","2|2","1|2","2|1","8|8","ROC"
"13|2","1|2","1|1","3|3","2|11","1|1","1|2","2|1","1|1","7|7","1|1","4|2","5|5","NA|NA","2|2","1|1","1|3","1|3","NA|NA","1|1","2|1","11|6","1|1","7|7","2|2","12|6","2|3","ROC"
"7|7","8|5","1|1","3|1","21|8","1|2","1|1","NA|NA","NA|NA","3|3","1|1","2|3","1|1","5|5","2|2","2|2","3|3","17|20","1|2","1|1","2|2","1|6","2|2","1|2","1|2","1|6","2|3","ROC"
"13|1","2|2","2|1","2|9","2|4","1|1","5|10","1|1","1|1","8|8","5|9","1|1","9|12","2|8","1|2","1|1","3|3","2|2","2|2","2|2","16|16","2|2","1|1","2|2","1|2","2|2","4|4","ROC"
"1|1","2|2","1|4","3|3","1|21","2|2","7|7","1|1","1|1","5|8","1|1","1|2","6|8","1|1","1|2","2|2","3|3","1|1","2|2","2|2","1|2","6|6","1|1","1|2","2|2","6|6","2|3","ROC"
"5|5","1|2","6|1","NA|NA","4|8","1|2","2|2","2|2","1|1","3|3","1|1","3|21","2|2","4|4","2|2","2|2","1|2","1|1","1|2","1|1","1|3","4|7","3|3","1|6","1|1","4|7","4|10","ROC"
"5|5","1|3","1|3","3|1","5|8","2|2","3|9","1|1","NA|NA","3|3","1|1","6|6","4|4","1|2","2|2","3|3","2|2","2|2","1|2","2|2","1|1","1|1","2|2","3|2","2|2","1|1","2|4","ROC"
"7|7","8|9","1|1","12|12","2|2","1|2","2|2","2|2","1|1","2|2","3|3","2|3","3|3","2|2","1|2","1|1","4|4","6|6","2|2","1|1","2|1","1|1","2|2","1|1","1|1","1|1","2|13","OSW"
"6|8","1|3","1|1","6|6","29|2","NA|NA","5|2","2|1","NA|NA","5|8","2|1","1|10","1|9","1|1","1|2","1|1","9|9","1|3","2|2","1|1","6|6","8|7","1|1","5|1","6|6","9|7","1|1","OSW"
"2|2","3|6","6|7","3|1","2|2","1|2","2|2","1|1","NA|NA","8|8","4|1","1|6","2|5","1|2","2|2","1|1","1|3","2|2","2|2","1|1","2|1","1|7","1|1","2|2","2|2","1|7","11|3","OSW"
"2|7","1|6","1|2","2|1","10|1","2|2","1|2","2|2","1|1","1|2","1|9","3|6","2|5","1|1","2|2","2|2","2|2","1|3","1|2","1|1","3|1","2|1","11|11","1|1","1|1","2|1","3|3","OSW"
"6|2","NA|NA","5|1","1|1","2|21","2|2","2|2","2|1","1|1","5|8","7|7","4|4","1|1","6|6","3|2","1|1","1|1","2|2","8|8","1|1","1|1","4|6","1|1","1|2","1|2","4|6","1|1","OSW"
"2|7","11|6","6|3","3|3","2|2","1|1","5|4","1|1","1|1","7|8","2|1","1|10","3|3","2|2","1|2","2|2","7|7","1|3","2|2","1|1","1|1","9|7","1|1","1|2","2|2","8|7","2|6","OSW"
"2|12","8|4","1|1","1|3","10|6","2|2","4|4","2|1","2|2","5|2","1|1","2|2","1|9","1|1","2|2","1|1","1|3","3|3","2|2","1|1","1|1","1|1","2|2","1|6","6|6","1|1","1|13","OSW"
"6|1","8|8","17|1","1|1","2|6","1|2","1|6","1|1","1|6","10|5","3|3","1|7","7|7","1|1","1|1","1|1","6|4","1|1","2|2","1|1","6|6","1|9","3|1","1|1","3|3","1|8","11|3","OSW"
"2|2","7|6","1|1","3|8","5|1","1|2","1|1","2|2","NA|NA","1|6","3|3","1|10","6|6","NA|NA","1|2","1|1","4|4","3|3","2|2","1|1","1|1","5|5","1|1","4|2","3|3","5|5","3|3","OSW"
"2|2","1|5","1|1","1|11","1|15","3|3","7|7","NA|NA","1|1","2|5","10|10","6|8","3|3","1|2","2|2","2|2","2|2","7|4","2|2","1|1","2|2","1|7","2|2","1|2","2|2","1|7","1|4","OSW"
"NA|NA","8|8","1|1","NA|NA","12|12","2|2","2|2","1|1","1|1","1|5","4|3","1|3","6|6","5|5","1|1","1|1","NA|NA","NA|NA","2|2","2|2","NA|NA","NA|NA","NA|NA","NA|NA","2|2","NA|NA","8|8","OSW"
"10|7","5|6","6|1","1|1","2|1","1|1","2|2","3|3","1|1","2|2","6|3","3|2","3|3","2|2","1|1","1|1","1|7","1|1","1|2","1|1","1|1","1|1","2|2","4|2","3|3","1|1","2|2","OSW"
"9|3","NA|NA","2|3","1|1","2|1","2|2","1|3","NA|NA","NA|NA","7|8","7|7","2|2","10|15","1|18","1|2","2|2","6|4","1|1","1|1","1|1","2|1","1|7","1|1","1|2","1|2","1|7","1|1","OSW"
"2|1","5|5","5|2","6|13","4|2","1|2","1|1","1|1","1|1","1|8","7|7","2|3","7|7","6|22","1|2","3|3","5|5","2|2","2|2","1|1","1|1","1|1","3|3","5|1","1|1","NA|NA","2|2","OSW"
"1|1","4|6","1|1","1|25","4|4","1|2","1|6","2|2","1|1","3|3","1|1","1|2","9|9","2|8","1|1","1|1","7|3","1|3","1|2","1|1","1|1","1|6","1|1","7|7","3|3","1|6","2|4","OSW"
"6|2","2|9","1|2","6|6","2|21","2|2","1|2","NA|NA","NA|NA","5|8","3|3","2|3","2|5","4|3","2|2","2|2","6|4","3|3","1|6","2|2","1|1","1|1","3|1","4|2","2|2","1|1","2|3","OSW"
"7|7","1|1","2|1","1|1","10|1","1|2","2|3","3|3","NA|NA","1|2","2|1","4|3","1|4","6|6","1|2","2|2","1|1","1|3","2|2","1|1","6|6","1|1","1|1","1|1","1|2","1|1","1|4","OSW"
"2|2","4|3","1|1","3|1","1|8","2|2","2|2","2|1","1|1","3|2","4|1","3|6","3|5","2|2","1|2","1|1","2|2","2|2","1|2","1|1","1|1","4|4","2|2","1|2","1|2","4|4","2|1","OSW"
"13|9","1|7","6|8","9|9","4|2","2|2","2|5","1|1","NA|NA","8|8","4|1","3|3","8|8","5|2","1|2","2|2","7|5","7|1","3|3","2|2","1|1","1|1","2|2","1|2","1|2","1|1","1|1","OSW"
"6|4","1|2","1|1","2|2","6|1","1|2","4|4","NA|NA","1|1","7|5","6|1","2|2","3|3","2|2","1|8","2|2","6|6","5|5","2|2","1|1","1|1","1|1","2|2","1|2","1|2","1|1","3|3","OSW"
"1|1","5|5","1|3","2|2","4|5","2|4","10|10","NA|NA","1|1","NA|NA","1|1","2|3","3|5","6|6","4|2","2|2","7|3","3|3","3|3","1|1","2|10","1|1","4|4","1|2","4|2","1|1","3|3","OSW"
"4|4","6|6","5|1","1|1","2|1","4|4","4|3","2|2","1|1","2|2","4|1","1|21","13|17","2|1","4|2","1|1","3|3","1|20","2|2","2|2","2|10","1|1","2|2","3|3","2|2","1|1","1|4","OSW"
"2|2","8|8","6|1","2|9","4|21","1|1","1|1","NA|NA","1|1","5|5","4|1","2|6","1|1","NA|NA","1|1","2|2","7|7","2|10","3|2","2|2","2|2","2|7","1|1","1|14","2|2","2|7","4|4","OSW"
"13|13","14|6","1|1","6|6","4|1","1|4","2|2","2|2","1|1","2|2","1|1","1|2","10|10","1|1","1|2","1|1","7|7","1|4","3|3","1|1","NA|NA","1|1","2|2","NA|NA","1|1","1|1","2|1","OSW"
"25|1","6|6","1|1","9|9","1|1","2|9","7|7","1|1","NA|NA","5|2","2|1","1|10","7|18","NA|NA","1|2","1|1","2|2","1|20","1|2","1|1","2|2","2|2","1|1","3|3","2|2","2|2","1|1","OSW"
"5|1","3|3","1|1","1|1","6|21","4|4","4|3","2|1","NA|NA","5|5","3|3","2|4","2|10","1|1","1|2","1|1","1|3","1|1","1|3","1|1","2|2","1|7","1|1","1|2","2|2","1|7","2|4","OSW"
"1|38","1|11","1|4","5|5","2|8","1|2","2|2","6|6","1|1","3|2","1|1","3|6","1|1","14|14","4|2","2|2","9|5","3|3","3|2","1|1","1|1","1|1","2|2","1|2","1|2","1|1","3|3","OSW"
"6|3","3|7","2|8","3|1","2|1","2|2","1|1","2|1","NA|NA","1|2","3|3","1|2","3|15","2|2","1|2","1|1","2|2","3|3","1|2","1|1","1|1","1|1","3|1","1|2","2|2","1|1","1|4","OSW"
"2|1","2|7","2|1","2|1","2|6","2|2","1|3","2|2","3|3","6|6","3|5","4|9","10|14","1|1","2|2","1|1","1|2","2|9","1|3","2|2","1|1","4|4","2|2","4|4","1|2","4|4","2|1","ECAN"
"2|3","9|9","1|4","1|1","1|1","2|27","4|16","2|2","1|1","2|2","1|1","5|2","6|6","1|1","2|2","1|1","12|4","3|3","2|2","1|1","1|2","2|1","2|2","1|6","1|1","2|1","1|6","ECAN"
"2|1","1|1","12|1","1|1","2|1","1|1","3|4","1|1","8|8","2|2","1|1","1|1","3|3","3|1","1|2","3|3","1|9","1|1","2|2","1|1","1|1","1|1","2|2","1|6","1|1","1|1","1|4","ECAN"
"3|2","1|1","1|3","11|13","5|8","2|2","4|3","2|2","NA|NA","3|3","1|1","1|1","3|3","5|1","2|2","4|4","2|5","3|9","2|2","NA|NA","1|1","2|3","1|10","2|2","2|2","2|3","1|1","ECAN"
"2|1","5|5","1|4","2|2","2|1","2|2","1|11","2|1","NA|NA","2|2","1|1","5|2","2|14","1|1","1|2","1|1","1|1","4|4","3|2","2|2","1|2","3|3","8|8","3|2","1|1","3|3","4|4","ECAN"
"1|1","1|2","3|3","2|2","5|3","2|2","5|6","2|1","1|1","1|6","3|3","2|9","13|9","5|5","2|2","3|3","1|3","2|2","3|3","1|1","2|1","10|1","3|2","1|2","1|1","10|1","3|6","ECAN"
"1|1","1|3","6|1","1|1","3|6","2|12","1|1","2|1","3|3","6|6","2|1","2|6","2|2","6|15","2|2","3|3","3|5","5|3","2|2","1|1","2|2","1|1","3|1","4|4","1|2","1|1","2|6","ECAN"
"2|1","1|1","12|1","7|7","1|1","1|1","NA|NA","1|1","NA|NA","2|2","2|1","1|10","9|9","1|1","6|2","3|3","2|2","5|5","1|2","2|7","1|1","2|2","3|2","1|2","1|1","2|2","2|3","ECAN"
"13|16","2|2","7|1","2|2","1|6","2|2","1|1","2|1","1|1","2|2","2|1","9|8","17|9","4|1","2|2","1|1","6|6","9|9","1|1","1|1","2|1","3|3","2|2","1|1","1|2","3|3","1|6","ECAN"
"5|1","7|7","9|3","2|1","10|1","1|2","1|12","2|1","8|8","5|2","1|1","1|9","2|2","3|1","2|2","1|1","8|4","2|2","1|2","2|2","2|1","2|2","3|2","1|6","6|6","2|2","2|3","ECAN"
"3|3","2|3","1|7","2|2","1|18","1|2","2|2","2|2","NA|NA","1|2","5|9","4|9","2|2","1|2","2|2","1|1","2|2","5|5","1|1","1|1","2|1","8|8","3|1","3|2","3|3","9|9","2|4","ECAN"
"3|3","1|1","1|4","1|1","2|3","1|1","2|2","1|1","8|8","6|9","1|1","5|3","2|2","5|5","1|2","1|1","1|4","3|9","1|1","2|2","1|1","1|1","3|6","3|3","3|3","1|1","2|19","ECAN"
"3|3","2|2","7|3","2|2","1|1","1|1","1|1","1|1","NA|NA","2|2","3|3","4|4","4|4","1|1","2|2","2|4","1|1","6|6","3|2","1|1","1|1","3|3","3|1","5|1","3|3","3|3","2|3","ECAN"
"3|16","1|1","1|1","1|1","3|3","4|2","2|2","2|1","8|8","4|2","2|2","8|8","2|14","4|1","1|2","1|1","1|4","6|3","1|2","1|1","1|2","1|1","2|2","1|1","1|1","1|1","6|6","ECAN"
"5|2","1|1","2|1","2|1","2|1","1|2","2|2","2|1","10|10","9|2","4|5","1|6","1|1","15|6","2|2","1|1","1|1","6|6","1|2","1|1","2|2","1|1","2|2","1|1","1|2","1|1","1|6","ECAN"
"2|12","1|8","1|4","7|7","6|34","2|2","3|4","NA|NA","1|1","3|3","2|1","4|8","2|12","7|1","1|2","1|1","2|2","4|5","1|1","2|2","1|2","1|1","2|2","4|2","1|1","1|1","13|13","ECAN"
"2|14","2|2","2|1","3|7","2|8","1|2","7|3","2|1","1|1","3|8","1|1","4|9","3|3","3|1","2|2","1|1","10|10","1|11","1|6","2|2","1|1","3|3","1|1","1|6","1|2","3|3","1|1","ECAN"
"14|4","1|5","1|1","2|2","1|1","1|2","5|3","1|1","1|1","6|8","1|1","4|2","3|3","5|5","1|2","1|1","3|3","3|11","NA|NA","1|1","1|2","1|1","2|2","1|1","1|1","1|1","2|4","ECAN"
"5|5","1|9","12|3","2|1","3|8","2|2","3|4","2|2","1|1","4|4","5|5","1|8","2|2","3|2","2|2","4|4","4|4","2|9","1|1","2|2","1|12","2|1","2|2","1|2","1|1","1|2","1|1","ECAN"
"3|3","3|3","1|3","3|1","5|5","1|2","1|3","1|1","1|1","7|7","1|1","6|52","4|4","7|6","1|2","2|2","1|3","1|3","NA|NA","2|2","1|2","11|11","1|1","1|1","2|2","13|13","2|6","ECAN"
"2|2","1|1","5|1","3|1","3|3","1|1","6|4","2|2","1|1","1|2","2|2","5|9","3|3","7|1","1|2","1|1","2|5","6|3","3|3","NA|NA","4|1","1|1","2|2","1|6","1|2","1|1","1|1","CAY"
"2|12","1|1","5|3","1|1","3|8","2|2","14|5","2|1","1|1","4|4","2|4","1|1","6|6","4|1","2|2","3|3","1|4","5|5","1|1","1|1","1|2","2|2","3|3","1|1","1|1","8|8","1|1","CAY"
"1|1","1|1","7|4","1|1","2|9","1|1","5|6","2|1","1|1","1|8","1|1","3|6","3|3","1|1","2|2","4|4","5|5","1|1","1|1","1|1","1|1","10|10","3|2","5|1","1|1","10|3","3|6","CAY"
"3|3","1|1","1|4","3|1","2|1","2|2","1|1","2|4","1|1","9|2","1|6","5|6","2|2","1|1","8|8","1|1","1|1","9|9","2|2","1|1","2|2","2|7","2|2","1|2","1|1","2|7","1|6","CAY"
"12|1","1|9","1|3","7|7","5|25","2|2","1|1","2|1","1|1","3|3","2|2","1|6","2|2","1|1","2|2","1|1","2|2","5|5","NA|NA","1|1","1|1","2|2","2|2","1|2","1|2","2|2","3|6","CAY"
"3|3","1|1","7|7","2|20","3|3","2|2","5|5","2|2","1|1","6|2","4|1","1|2","11|11","6|6","1|2","1|1","1|2","5|5","1|1","NA|NA","1|1","3|3","3|1","4|4","1|2","11|3","1|6","CAY"
"2|1","1|2","4|3","2|2","3|9","2|2","1|2","2|2","1|1","1|1","4|1","9|9","1|1","4|1","2|2","1|1","4|10","5|11","1|1","1|1","1|4","3|7","3|1","1|1","3|3","3|7","1|6","CAY"
"1|1","3|5","1|1","3|1","2|1","1|1","1|6","1|1","12|12","9|2","1|1","4|8","1|1","1|1","2|2","1|1","1|2","2|5","1|2","1|1","2|2","1|7","3|1","1|1","3|3","1|7","1|1","CAY"
"5|1","1|3","1|3","1|1","2|6","1|1","8|3","2|2","NA|NA","6|8","2|1","2|9","4|11","2|2","2|2","1|1","3|10","2|9","2|2","1|1","2|2","1|1","3|1","3|3","3|3","1|1","8|8","CAY"
"1|1","1|2","1|5","2|1","2|1","3|3","4|4","3|1","1|1","1|9","4|1","5|6","2|2","3|1","2|2","4|4","4|4","6|6","1|2","1|1","1|2","5|5","7|7","1|1","4|2","5|5","6|6","CAY"
"2|2","1|1","4|3","1|1","2|6","1|1","1|6","2|1","1|1","9|6","3|3","4|9","2|2","3|2","2|2","1|1","1|4","6|5","1|1","1|1","1|1","3|7","1|1","1|6","2|2","3|7","6|6","CAY"
"3|12","2|7","1|3","14|1","1|6","2|2","1|5","2|2","NA|NA","1|5","2|2","1|1","9|24","1|2","2|2","1|1","10|10","2|2","1|1","1|1","1|2","2|3","3|3","1|2","4|4","2|3","1|1","CAY"
"2|1","1|5","1|1","3|3","1|1","1|1","8|3","1|1","1|1","2|5","3|3","2|2","2|2","3|2","2|2","4|4","1|1","2|5","1|1","1|1","2|2","2|7","1|1","5|3","6|6","2|7","1|1","CAY"
"3|3","1|1","1|4","1|1","3|3","4|2","1|1","2|2","1|1","4|2","2|2","1|2","2|2","3|1","1|2","1|1","1|1","2|2","1|3","1|1","1|2","2|3","2|2","5|3","1|1","2|3","1|6","CAY"
"16|16","1|2","1|3","1|1","1|8","1|1","6|4","2|1","1|1","3|2","4|3","2|8","4|4","4|1","2|2","3|3","1|4","5|5","1|1","1|1","2|2","10|1","1|1","1|1","2|2","1|10","3|6","CAY"
"14|2","2|9","1|3","1|1","39|61","2|2","5|3","2|1","2|2","1|6","1|6","1|1","2|14","4|3","2|2","1|1","3|5","2|10","8|8","1|1","1|1","2|3","1|1","3|3","6|6","2|3","1|1","CRO"
"5|5","1|2","5|3","1|1","6|6","1|2","1|1","2|1","NA|NA","6|6","3|3","1|10","4|11","5|1","2|2","3|3","1|2","5|11","1|2","1|1","3|1","1|2","2|2","1|1","1|2","2|1","1|1","CRO"
"2|3","1|6","1|1","3|7","3|3","2|2","1|2","2|1","NA|NA","4|2","4|6","5|2","3|3","5|5","2|2","1|1","2|2","6|2","1|3","1|1","1|2","2|2","1|1","3|2","1|2","NA|NA","1|1","CRO"
"1|1","1|1","7|3","1|1","3|8","3|3","7|7","1|1","1|1","4|4","2|2","2|2","9|9","4|3","2|2","1|1","2|8","2|11","NA|NA","2|2","1|2","1|1","1|1","3|2","1|2","1|1","2|6","CRO"
"4|4","1|2","4|3","2|1","2|8","2|2","1|6","2|1","NA|NA","9|5","3|3","1|1","2|2","4|1","1|2","1|1","4|4","2|5","2|2","1|1","2|2","2|1","1|8","5|1","2|2","2|1","6|6","CRO"
"2|12","2|2","5|3","2|2","9|6","1|1","5|4","2|1","1|1","1|6","5|9","1|1","20|4","1|1","1|2","1|1","6|4","2|2","1|2","NA|NA","2|2","2|2","2|2","3|3","1|2","2|2","2|1","CRO"
"5|5","7|7","7|3","2|11","2|1","1|2","1|5","2|4","2|2","2|2","5|6","5|9","2|2","5|2","2|2","1|1","5|2","2|2","2|2","1|1","1|2","1|1","3|2","4|4","1|1","1|1","1|6","CRO"
"3|3","1|1","1|3","3|3","1|1","2|2","3|4","2|2","3|3","3|2","3|3","6|8","2|2","2|10","8|8","4|4","2|2","6|5","1|2","1|1","1|2","2|3","1|1","1|2","1|2","2|3","1|4","CRO"
"13|1","5|21","3|3","1|1","3|3","3|2","1|6","2|1","1|1","6|2","1|1","6|8","19|4","5|1","2|2","1|1","5|3","6|5","2|2","NA|NA","2|2","3|3","3|3","3|3","1|1","3|3","1|1","CRO"
"1|1","3|5","5|2","3|1","1|1","2|2","6|3","2|1","1|1","2|2","2|6","2|8","4|19","3|5","2|2","1|1","3|3","3|3","1|2","1|1","2|1","3|7","2|2","4|4","1|1","3|7","6|6","CRO"
"5|1","7|6","5|1","1|1","1|6","1|1","1|3","2|2","NA|NA","5|2","3|3","6|8","2|2","7|1","2|2","1|1","1|2","11|9","2|2","NA|NA","1|1","3|3","1|1","1|6","2|2","3|3","2|2","CRO"
"3|3","1|1","1|4","1|1","1|9","2|1","6|6","2|1","1|1","1|6","1|1","4|8","6|6","3|1","6|2","1|1","1|1","2|2","NA|NA","1|1","1|2","2|3","3|1","1|6","5|2","2|3","2|4","CRO"
"3|16","1|9","6|1","3|1","1|1","1|2","8|8","2|2","1|1","2|2","3|5","5|2","1|10","3|3","1|2","2|2","2|5","6|10","1|2","NA|NA","1|2","2|3","1|1","1|2","3|3","2|3","2|3","CRO"
"3|3","1|1","1|1","1|1","1|8","2|2","1|4","2|1","NA|NA","3|2","1|1","2|9","1|9","4|1","2|2","3|3","1|1","1|1","1|2","1|1","1|2","9|9","2|2","5|1","1|2","8|3","3|6","CRO"
"2|4","3|10","1|4","1|1","1|6","2|2","1|4","1|1","1|1","5|2","5|6","5|2","4|12","5|2","1|1","3|3","1|4","2|11","1|1","1|1","1|2","3|7","1|1","1|2","1|2","3|7","3|6","CRO"
"3|3","8|1","1|1","3|7","13|36","2|4","7|7","2|1","NA|NA","11|6","2|2","5|8","2|2","1|1","2|2","1|1","1|1","2|2","1|3","1|1","1|1","1|7","1|1","4|4","1|1","1|7","5|4","CRO"
"1|1","2|6","1|3","3|7","3|9","2|2","1|4","2|1","1|1","1|1","2|4","1|1","3|19","1|1","2|2","4|4","2|2","6|2","8|8","NA|NA","1|1","NA|NA","4|4","4|9","4|2","NA|NA","6|6","CRO"
"3|16","1|5","1|3","1|1","3|3","1|1","3|4","2|2","NA|NA","2|6","3|3","1|1","1|4","1|1","1|2","4|4","1|2","4|5","1|1","1|1","2|2","2|3","3|2","1|1","1|1","2|3","2|4","CRO"
"9|3","2|2","5|1","3|2","1|1","2|2","6|4","2|1","NA|NA","1|2","1|1","5|12","2|2","2|12","1|1","1|1","2|2","2|2","1|1","1|1","1|1","2|5","2|2","1|6","1|1","2|5","8|8","ONO"
"1|1","2|2","1|3","1|1","6|6","1|1","10|10","1|1","NA|NA","6|6","1|1","2|12","2|8","3|2","8|8","2|2","5|5","6|6","1|1","1|1","1|1","1|1","2|2","4|2","1|2","1|1","3|3","ONO"
"5|1","4|2","2|3","3|5","5|1","2|4","1|1","2|2","NA|NA","1|2","1|1","5|3","2|2","1|1","2|2","2|2","4|4","4|5","1|1","1|1","4|1","1|2","1|1","3|2","1|2","2|1","2|6","ONO"
"4|4","2|2","1|7","1|1","3|34","2|2","6|6","1|1","1|4","4|4","2|1","1|3","3|10","5|1","2|2","1|1","4|5","6|6","NA|NA","NA|NA","1|2","3|3","2|2","4|4","1|2","3|3","1|6","ONO"
"5|1","4|3","17|1","1|1","2|8","2|2","6|3","2|2","NA|NA","10|3","1|1","5|7","1|4","2|1","2|2","2|2","4|4","6|3","NA|NA","2|2","1|1","1|5","3|2","4|4","1|1","1|5","1|1","ONO"
"3|3","7|6","5|3","2|1","2|1","2|1","1|4","2|1","NA|NA","9|6","2|1","8|8","2|15","3|1","1|1","3|3","8|4","4|2","1|1","1|1","1|1","2|1","2|2","3|2","2|2","2|1","3|3","ONO"
"5|9","4|4","1|2","1|1","2|1","2|9","1|3","1|1","NA|NA","10|10","1|6","5|7","4|4","2|22","2|2","2|4","4|5","3|3","8|8","1|1","1|2","2|8","1|1","4|4","1|9","2|2","1|1","ONO"
"2|2","1|1","1|1","2|1","1|6","2|1","1|3","1|1","NA|NA","2|5","7|7","1|7","1|1","1|2","2|2","2|2","6|2","1|1","NA|NA","1|1","2|2","3|3","3|1","1|6","1|2","3|3","2|3","ONO"
"1|1","2|3","2|1","1|1","1|6","2|2","1|4","1|1","1|1","2|6","1|1","5|8","9|15","1|1","2|2","3|3","3|3","4|2","2|2","1|1","10|10","7|7","3|5","1|1","3|3","7|7","1|6","ONO"
"4|2","1|3","1|3","2|2","1|1","1|1","12|4","1|1","NA|NA","2|2","2|2","5|6","2|14","5|1","2|2","1|1","1|3","2|2","1|2","1|1","2|2","5|5","2|2","4|4","1|1","5|5","1|6","ONO"
"2|3","1|1","5|1","3|1","1|18","4|2","1|4","1|1","NA|NA","11|2","4|3","5|6","4|15","1|2","8|8","1|1","1|4","3|3","1|1","1|1","1|1","2|1","3|1","2|2","1|2","2|1","3|6","ONO"
"5|1","2|2","1|3","2|1","1|1","1|2","5|3","1|1","NA|NA","2|2","2|2","4|2","1|1","1|1","2|2","1|1","3|3","2|2","1|2","2|2","1|2","3|3","2|2","1|1","1|2","3|3","2|6","ONO"
"6|3","1|3","1|3","1|1","1|1","3|1","5|4","2|2","12|12","2|2","2|1","1|2","4|4","NA|NA","NA|NA","1|1","3|3","4|4","NA|NA","1|1","1|1","10|10","2|2","4|4","1|2","10|3","1|1","ONO"
"5|5","1|3","2|3","3|3","2|2","3|2","1|4","2|1","1|1","10|9","2|2","2|9","4|11","NA|NA","NA|NA","1|1","2|5","3|3","NA|NA","2|2","1|9","2|2","3|1","1|6","3|3","2|2","2|1","ONO"
"5|1","1|2","1|3","3|3","2|1","2|2","1|5","1|1","1|1","2|2","2|6","1|8","7|7","2|8","1|1","2|2","2|2","11|9","1|1","1|1","2|2","9|7","2|2","1|6","1|2","8|7","2|1","ONO"
"5|1","1|1","1|4","1|1","9|1","3|3","8|3","1|1","1|1","1|2","1|1","1|6","2|2","1|1","8|8","1|1","3|10","3|9","1|2","2|2","1|2","1|1","3|2","4|4","3|3","1|1","1|1","ONO"
"5|1","4|4","1|1","1|1","1|1","1|1","3|2","1|1","1|1","2|2","2|4","5|2","3|11","1|1","1|2","2|2","6|6","3|3","NA|NA","1|1","1|1","4|8","3|2","1|2","1|2","4|9","1|1","ONO"
"2|4","4|9","4|4","3|3","7|1","2|2","5|3","2|4","NA|NA","1|10","5|5","7|8","1|4","5|1","2|2","1|1","1|1","4|5","1|2","1|1","1|2","4|9","1|1","4|2","2|2","4|8","1|4","ONO"
"12|4","6|20","4|3","3|2","4|6","1|1","5|2","1|1","7|7","5|5","2|1","1|2","1|1","3|2","1|2","1|1","1|3","1|1","1|2","1|1","1|1","3|7","1|1","1|1","2|2","3|7","1|1","ONO"
"2|2","1|1","1|4","1|1","1|1","2|2","3|3","1|1","1|1","2|2","1|1","11|6","4|4","4|5","2|2","3|3","1|2","4|6","8|8","1|1","1|2","2|1","2|2","4|2","1|2","2|1","3|6","ONO"
"5|5","1|1","1|3","1|1","2|6","1|1","3|4","2|1","2|2","9|6","5|5","5|2","4|4","3|1","1|2","3|3","6|6","11|9","NA|NA","1|1","2|2","6|6","3|1","3|2","1|2","11|6","1|1","ONO"
"9|3","1|2","2|3","13|13","1|1","2|2","1|5","NA|NA","1|1","6|2","1|1","4|11","13|12","2|2","2|2","2|2","6|4","1|11","NA|NA","1|1","2|2","2|5","2|2","1|1","1|2","2|5","1|1","ONO"
"6|1","1|1","2|1","5|5","6|6","1|1","3|4","2|2","1|1","1|5","3|6","2|5","2|2","3|5","3|1","2|4","4|4","3|11","1|1","1|1","1|1","3|7","3|2","1|2","3|3","3|7","1|1","ONO"
"6|1","NA|NA","7|1","1|11","1|1","1|1","4|4","NA|NA","NA|NA","2|2","5|5","1|8","10|10","6|15","2|2","1|1","5|4","4|3","2|2","NA|NA","1|1","5|5","2|2","4|4","1|1","5|5","3|6","ONO"
"2|16","2|2","4|1","2|1","1|8","2|2","1|2","2|1","2|2","3|2","2|1","1|9","4|11","4|5","2|2","3|3","2|2","5|59","1|3","1|1","1|2","2|2","2|2","3|3","1|1","2|2","8|8","ONO"
"3|3","2|2","1|5","3|1","2|2","NA|NA","2|3","1|1","NA|NA","8|8","1|1","2|8","6|11","7|2","2|2","1|1","1|3","5|5","2|2","1|1","1|1","2|2","2|2","3|2","1|2","2|2","3|3","ONO"
"3|3","4|9","1|1","3|5","2|1","3|3","8|8","2|1","1|1","2|2","1|1","1|1","4|4","5|5","2|2","3|3","2|2","3|9","1|1","2|2","2|2","5|5","1|1","3|2","2|2","5|5","2|3","ONO"
"3|3","3|7","4|4","1|1","1|1","2|2","12|2","2|2","1|1","9|2","3|9","2|7","2|2","3|5","2|2","2|2","6|6","7|3","3|1","1|1","1|2","11|11","3|2","1|2","1|1","13|13","4|4","ONO"
"1|21","3|33","2|1","2|4","2|2","2|2","1|3","1|1","1|1","1|1","7|7","7|7","1|1","5|5","2|2","2|2","6|6","4|2","NA|NA","2|2","1|2","24|24","3|2","4|4","1|2","23|23","8|8","ONE"
"3|2","4|4","1|4","2|1","1|1","1|19","4|3","NA|NA","NA|NA","2|2","2|1","2|2","2|10","5|1","1|1","2|2","1|7","3|3","2|2","1|1","1|1","3|3","1|1","4|4","1|2","3|3","3|3","ONE"
"9|12","1|5","5|2","2|3","2|2","2|1","1|4","NA|NA","NA|NA","9|8","1|1","2|5","7|7","2|2","1|2","2|2","1|1","3|9","1|2","1|1","1|2","4|7","3|3","1|6","3|3","4|7","8|8","ONE"
"3|3","1|2","1|1","2|2","1|1","1|2","1|4","1|1","3|3","2|2","2|2","2|6","1|4","2|10","2|2","2|2","1|2","1|3","1|1","1|1","1|1","4|8","1|1","1|1","1|1","4|9","3|6","ONE"
"3|2","1|6","5|1","2|2","1|1","2|2","1|4","1|1","1|1","1|2","2|2","5|7","1|10","3|1","1|2","2|2","1|2","10|9","1|1","1|1","2|2","1|5","2|2","1|2","1|1","1|5","1|1","ONE"
"1|1","1|1","1|2","1|1","1|1","2|2","1|4","1|1","NA|NA","1|2","2|9","2|6","6|6","2|2","2|2","2|2","4|4","3|3","1|1","1|1","2|1","5|5","2|2","1|1","1|2","5|5","1|1","ONE"
"2|1","7|7","2|4","1|1","1|6","4|2","1|6","NA|NA","NA|NA","6|2","2|2","9|12","7|7","4|1","2|2","1|1","4|5","1|3","1|1","1|1","2|1","1|5","2|2","4|4","1|2","1|5","3|6","ONE"
"3|2","6|6","1|1","2|2","NA|NA","2|1","11|6","3|3","1|1","1|1","7|7","2|8","7|7","2|2","2|2","2|5","4|5","4|2","8|8","NA|NA","1|1","1|1","2|2","1|1","1|2","1|1","1|1","ONE"
"15|2","4|2","1|1","1|1","5|9","1|1","1|1","3|3","NA|NA","1|1","4|3","7|12","1|1","3|24","2|2","2|5","1|1","3|9","3|2","1|1","2|1","6|6","3|1","1|2","1|2","6|6","1|1","ONE"
"4|4","3|6","1|1","NA|NA","2|6","1|1","3|3","2|4","1|1","10|5","2|1","2|7","4|4","4|4","2|2","1|1","NA|NA","1|3","1|1","1|1","1|1","8|5","7|6","1|6","4|2","9|5","1|1","ONE"
"9|4","4|4","1|1","3|3","1|1","1|2","3|3","NA|NA","1|1","1|2","6|7","2|12","1|4","7|2","2|2","2|2","7|5","1|1","1|1","2|2","2|2","1|1","2|2","4|2","1|2","1|1","8|8","ONE"
"6|1","4|6","1|4","NA|NA","6|6","2|2","1|1","1|1","1|1","6|6","3|3","4|7","3|3","2|2","1|2","2|4","4|4","1|3","1|1","1|1","1|1","1|1","2|2","1|1","1|2","1|1","1|1","ONE"
"4|4","9|3","1|5","7|7","5|5","1|1","1|1","1|1","1|1","1|8","3|3","11|7","1|1","5|2","2|2","1|1","2|5","1|3","1|1","1|1","2|1","1|1","2|2","4|2","1|2","1|1","1|1","ONE"
"1|12","1|1","1|2","3|1","1|1","1|2","1|1","2|2","NA|NA","1|2","2|1","7|8","3|3","1|1","2|2","1|1","4|4","2|5","NA|NA","1|1","6|6","1|1","3|2","1|1","1|2","1|1","5|5","ONE"
"4|4","2|2","2|1","2|2","1|1","3|2","6|4","1|1","1|1","1|2","2|2","2|7","1|6","3|1","2|2","2|2","10|4","1|9","1|2","1|1","1|1","4|4","2|2","2|2","1|2","4|4","3|3","ONE"
"3|3","3|7","1|3","2|2","3|3","2|2","1|4","1|1","1|1","1|1","7|7","2|8","1|10","4|1","1|2","2|2","1|1","2|2","NA|NA","1|1","2|2","2|5","3|1","1|1","3|3","2|5","1|6","ONE"
"3|3","6|6","1|1","3|3","2|2","1|1","13|5","2|4","NA|NA","1|10","4|1","1|8","6|6","6|6","2|2","1|1","4|4","1|1","1|1","1|1","2|1","8|1","2|2","1|2","2|2","9|1","5|5","ONE"
"3|9","4|6","3|3","NA|NA","5|5","1|1","1|3","2|4","1|1","1|8","2|2","7|12","1|1","2|2","2|2","1|1","8|4","2|2","1|2","1|1","1|2","1|1","2|2","1|1","1|2","1|1","1|6","ONE"
"4|4","1|1","2|5","2|4","2|2","2|2","1|3","3|1","NA|NA","8|8","2|1","2|6","6|8","6|6","2|2","1|1","7|1","3|3","1|1","1|1","2|1","1|6","1|1","1|1","2|2","1|6","1|1","ONE"
"9|3","1|1","1|1","2|1","3|19","2|2","1|4","NA|NA","11|11","1|1","3|3","7|8","2|2","4|1","2|2","2|2","8|4","3|9","1|1","1|1","2|1","1|1","2|2","2|2","1|2","1|1","1|1","ONE"
"1|1","5|6","1|2","NA|NA","2|1","2|2","1|3","2|2","NA|NA","2|2","2|1","7|12","1|1","7|2","2|2","2|2","1|4","2|2","3|2","1|1","1|1","1|1","3|1","1|2","5|2","1|1","8|6","ONE"
"5|1","2|2","1|1","NA|NA","1|1","1|2","12|4","1|1","NA|NA","1|2","3|3","2|11","4|4","2|2","2|2","2|2","1|4","1|1","1|1","1|1","2|1","4|4","3|2","1|1","1|1","4|4","1|1","ONE"
"3|12","4|4","1|5","1|1","1|6","2|2","3|3","4|4","NA|NA","6|2","7|9","5|6","2|10","1|2","2|2","2|2","4|4","2|2","1|2","2|2","1|2","9|9","1|1","1|1","2|2","8|3","8|8","ONE"
"4|4","3|3","1|1","4|4","6|8","2|2","1|3","NA|NA","2|2","3|3","2|2","4|2","1|1","2|2","2|2","2|2","4|4","3|11","1|1","1|1","2|2","1|14","3|3","1|2","1|1","1|16","1|1","ONE"
"5|1","4|4","1|4","4|4","3|9","2|2","1|6","1|1","1|1","1|6","1|1","7|7","15|15","5|1","2|2","1|1","10|4","3|3","1|2","1|1","1|1","3|14","2|2","1|1","1|2","3|16","3|3","ONE"
"4|4","1|3","1|1","4|3","5|5","1|1","1|5","3|3","NA|NA","1|9","1|1","7|8","1|8","7|2","2|2","1|1","1|2","1|3","1|3","1|1","2|2","4|4","1|9","4|4","7|9","4|4","3|3","ONE"
"2|7","6|6","1|3","1|3","3|3","2|1","12|3","1|2","NA|NA","1|1","4|3","11|12","1|4","1|1","1|2","1|1","5|10","1|3","2|2","1|1","2|2","1|1","3|2","1|2","1|1","1|1","1|1","ONE"
"5|5","4|4","4|1","NA|NA","1|6","2|2","3|3","2|4","NA|NA","2|5","2|1","5|5","7|7","2|2","1|2","1|1","NA|NA","NA|NA","1|2","1|1","2|1","1|7","2|2","1|6","1|2","9|7","1|1","ONE"
